,eid,pvs,psi,rho
0,1,1000.0,4.583333492279053,1.0
1,1,1001.0,1.9064348936080933,0.7733927369117737
2,1,1002.0,1.7931034564971924,0.8250730633735657
3,1,1003.0,1.250017762184143,0.8815190196037292
4,1,1004.0,1.074201226234436,0.5699145197868347
5,1,1005.0,1.883262276649475,0.8763610124588013
6,1,1006.0,2.826090097427368,0.8737024068832397
7,1,1007.0,2.506598472595215,0.9468144774436951
8,1,1008.0,1.3316328525543213,0.8143937587738037
9,1,1009.0,2.6343941688537598,0.9121394753456116
10,1,1010.0,4.093565464019775,0.7733928561210632
11,1,1011.0,4.247251987457275,0.9527626037597656
12,1,1012.0,3.0490381717681885,0.8479769229888916
13,1,1013.0,2.5077836513519287,0.8926730751991272
14,1,1014.0,1.3333333730697632,1.0
15,1,1015.0,4.416666507720947,0.9999991655349731
16,1,1016.0,4.958333492279053,1.0
17,1,1017.0,1.7112772464752197,0.9025872945785522
18,1,1018.0,1.9028860330581665,0.9104375243186951
19,1,1019.0,1.2083333730697632,1.0
20,1,1020.0,1.6265350580215454,0.8928439021110535
21,1,1021.0,1.883262276649475,0.8763610124588013
22,1,1022.0,2.50443434715271,0.9199243187904358
23,1,1023.0,2.50443434715271,0.9199243187904358
24,1,1024.0,1.3743129968643188,0.8404557108879089
25,1,1025.0,2.955406427383423,0.775822103023529
26,1,1026.0,4.79250431060791,0.8522823452949524
27,1,1027.0,4.7085700035095215,0.9016385078430176
28,1,1028.0,2.365496873855591,0.884350061416626
29,1,1029.0,2.4040603637695312,0.8686450719833374
30,1,1030.0,1.3333333730697632,1.0
31,1,1031.0,3.8473339080810547,0.8767444491386414
32,1,1032.0,4.75,1.0
33,1,1033.0,3.0799872875213623,0.8046845197677612
34,1,1034.0,3.351376533508301,0.8796764016151428
35,1,1035.0,1.4943978786468506,0.9222401976585388
36,1,1036.0,1.0,
37,1,1037.0,3.265395164489746,0.7985266447067261
38,1,1038.0,4.457364559173584,0.9389757513999939
39,1,1039.0,3.0490381717681885,0.8479769229888916
40,1,1040.0,1.5419703722000122,0.8798226118087769
41,1,1041.0,4.247251987457275,0.9527626037597656
42,1,1042.0,4.668175220489502,0.8141934275627136
43,1,1043.0,4.039249420166016,0.7757116556167603
44,1,1044.0,2.2816379070281982,0.8965728282928467
45,1,1045.0,2.099430799484253,0.8374241590499878
46,1,1046.0,1.0416666269302368,0.9999990463256836
47,1,1047.0,4.583700656890869,0.8607207536697388
48,1,1048.0,4.664691925048828,0.7761687636375427
49,1,1049.0,3.6406421661376953,0.944644570350647
50,1,1050.0,2.767183780670166,0.912460207939148
51,1,1051.0,2.61607027053833,0.914219856262207
52,1,1052.0,1.1666666269302368,0.9999997615814209
53,1,1053.0,3.585129976272583,0.972933828830719
54,1,1054.0,3.334402322769165,0.9188172817230225
55,1,1055.0,3.653639554977417,0.8987658619880676
56,1,1056.0,2.496583938598633,0.8938061594963074
57,1,1057.0,4.457364559173584,0.9389757513999939
58,1,1058.0,4.666666507720947,0.9999986290931702
59,1,1059.0,3.333914041519165,0.8554432392120361
60,1,1060.0,4.048778533935547,0.8726364970207214
61,1,1061.0,1.5416666269302368,0.9999998807907104
62,1,1062.0,1.0,
63,1,1063.0,4.708333492279053,1.0
64,1,1064.0,4.666666507720947,0.9999986290931702
65,1,1065.0,4.502906799316406,0.8757280111312866
66,1,1066.0,3.3673722743988037,0.8886690735816956
67,1,1067.0,2.2908575534820557,0.9134594798088074
68,1,1068.0,1.2083333730697632,1.0
69,1,1069.0,4.499330520629883,0.9350277185440063
70,1,1070.0,2.810793399810791,0.9721234440803528
71,1,1071.0,3.2589902877807617,0.9434282183647156
72,1,1072.0,1.6685129404067993,0.9482841491699219
73,1,1073.0,4.415889263153076,0.8868150115013123
74,1,1074.0,4.541666507720947,0.9999989867210388
75,1,1075.0,3.712057113647461,0.8348180055618286
76,1,1076.0,2.451103687286377,0.919190526008606
77,1,1077.0,1.4970937967300415,0.8757280111312866
78,1,1078.0,1.0,
79,1,1079.0,3.9005935192108154,0.8371514678001404
80,1,1080.0,4.202976226806641,0.9101455211639404
81,1,1081.0,4.160497188568115,0.8720378279685974
82,1,1082.0,3.441793918609619,0.9209463596343994
83,1,1083.0,2.1705729961395264,0.9428359270095825
84,1,1084.0,1.2083333730697632,1.0
85,1,1085.0,3.965073585510254,0.7955676913261414
86,1,1086.0,3.1434571743011475,0.8419243097305298
87,1,1087.0,2.240109443664551,0.9125525951385498
88,1,1088.0,3.9999942779541016,0.8550578355789185
89,1,1089.0,4.2901458740234375,0.8558423519134521
90,1,1090.0,4.00187349319458,0.8384332060813904
91,1,1091.0,4.289226531982422,0.9506772756576538
92,1,1092.0,2.61607027053833,0.914219856262207
93,1,1093.0,2.2550647258758545,0.878519594669342
94,1,1094.0,1.6666666269302368,0.8333333134651184
95,1,1095.0,2.598576307296753,0.9444469809532166
96,1,1096.0,4.2901458740234375,0.8558423519134521
97,1,1097.0,1.8257566690444946,0.7935637831687927
98,1,1098.0,1.375,1.0
99,1,1099.0,1.0416666269302368,0.9999990463256836
100,1,1100.0,1.0416666269302368,0.9999990463256836
101,1,1101.0,1.6669517755508423,0.8490374684333801
102,1,1102.0,3.1904711723327637,0.8200756311416626
103,1,1103.0,2.4637186527252197,0.8655033707618713
104,1,1104.0,3.6050972938537598,0.8931082487106323
105,1,1105.0,3.629314422607422,0.8139037489891052
106,1,1106.0,3.279611110687256,0.857004702091217
107,1,1107.0,4.039249420166016,0.7757116556167603
108,1,1108.0,2.096911668777466,0.7796525955200195
109,1,1109.0,1.5847193002700806,0.9426558613777161
110,1,1110.0,1.1666666269302368,0.9999997615814209
111,1,1111.0,3.0674874782562256,0.8299943208694458
112,1,1112.0,4.048778533935547,0.8726364970207214
113,1,1113.0,4.203547477722168,0.8672453761100769
114,1,1114.0,4.073126316070557,0.8802542090415955
115,1,1115.0,1.3333333730697632,1.0
116,1,1116.0,1.1666666269302368,0.9999997615814209
117,1,1117.0,4.073126316070557,0.8802542090415955
118,1,1118.0,4.033481121063232,0.8111345767974854
119,1,1119.0,2.311560869216919,0.9440728425979614
120,1,1120.0,3.246614933013916,0.878373384475708
121,1,1121.0,4.116732597351074,0.8763337731361389
122,1,1122.0,3.9085655212402344,0.8286489844322205
123,1,1123.0,2.810793399810791,0.9721234440803528
124,1,1124.0,3.4310641288757324,0.9458497762680054
125,1,1125.0,1.9255247116088867,0.9189509749412537
126,1,1126.0,1.0416666269302368,0.9999990463256836
127,1,1127.0,4.123214244842529,0.7988908290863037
128,1,1128.0,4.666666507720947,0.9999986290931702
129,1,1129.0,2.768524408340454,0.8220970034599304
130,1,1130.0,2.5570075511932373,0.9476954340934753
131,1,1131.0,1.5829073190689087,0.8542684316635132
132,1,1132.0,1.0833333730697632,1.0
133,1,1133.0,3.0617246627807617,0.8663157820701599
134,1,1134.0,4.5413055419921875,0.9301185607910156
135,1,1135.0,3.024711847305298,0.8394137620925903
136,1,1136.0,1.5840771198272705,0.8868632316589355
137,1,1137.0,4.5413055419921875,0.9301185607910156
138,1,1138.0,4.2887139320373535,0.9025958180427551
139,1,1139.0,4.457364559173584,0.9389757513999939
140,1,1140.0,4.379756927490234,0.8449430465698242
141,1,1141.0,1.620242714881897,0.8449395895004272
142,1,1142.0,1.0833333730697632,1.0
143,1,1143.0,2.1103713512420654,0.8913639783859253
144,1,144.0,4.499330520629883,0.9350277185440063
145,1,145.0,1.8806172609329224,0.837332546710968
146,1,146.0,3.7616677284240723,0.8409599661827087
147,1,147.0,3.629747152328491,0.9728199243545532
148,1,148.0,3.9458701610565186,0.8393038511276245
149,1,149.0,4.62285041809082,0.8014711737632751
150,1,150.0,4.958333492279053,1.0
151,1,151.0,4.291268825531006,0.8055197596549988
152,1,152.0,3.1330697536468506,0.8322396874427795
153,1,153.0,3.0811150074005127,0.8250008821487427
154,1,154.0,1.7037620544433594,0.8240572810173035
155,1,155.0,4.625,1.0
156,1,156.0,4.541666507720947,0.9999989867210388
157,1,157.0,1.1666666269302368,0.9999997615814209
158,1,158.0,4.330974578857422,0.8979660868644714
159,1,159.0,3.145751953125,0.8797268271446228
160,1,160.0,2.6019093990325928,0.9464473724365234
161,1,161.0,3.7092251777648926,0.9137468338012695
162,1,162.0,4.79250431060791,0.8522823452949524
163,1,163.0,1.4583333730697632,1.0
164,1,164.0,3.8690459728240967,0.8601829409599304
165,1,165.0,4.373428821563721,0.8928017616271973
166,1,166.0,2.3076131343841553,0.9465752243995667
167,1,167.0,4.625672340393066,0.84051114320755
168,2,2000.0,4.791666507720947,0.9999977350234985
169,2,2001.0,4.791666507720947,0.9999977350234985
170,2,2002.0,4.123214244842529,0.7988908290863037
171,2,2003.0,2.6717469692230225,0.9273170232772827
172,2,2004.0,1.4166666269302368,0.9999998807907104
173,2,2005.0,2.575568437576294,0.801239013671875
174,2,2006.0,1.542698860168457,0.939146876335144
175,2,2007.0,2.063833236694336,0.7980309128761292
176,2,2008.0,2.0529332160949707,0.6100108027458191
177,2,2009.0,4.5413055419921875,0.9301185607910156
178,2,2010.0,2.502098798751831,0.9208899736404419
179,2,2011.0,2.5529537200927734,0.94638592004776
180,2,2012.0,4.11855411529541,0.8372628092765808
181,2,2013.0,2.9141581058502197,0.7668470740318298
182,2,2014.0,2.3491384983062744,0.8570916056632996
183,2,2015.0,1.3333250284194946,0.9166336059570312
184,2,2016.0,4.5418701171875,0.877902090549469
185,2,2017.0,4.499330520629883,0.9350277185440063
186,2,2018.0,3.4927709102630615,0.839215874671936
187,2,2019.0,2.2931973934173584,0.8367748260498047
188,2,2020.0,1.125,1.0
189,2,2021.0,2.624100923538208,0.8443390130996704
190,2,2022.0,1.3316328525543213,0.8143937587738037
191,2,2023.0,2.1193745136260986,0.791592538356781
192,2,2024.0,1.9993997812271118,0.7173413634300232
193,2,2025.0,4.083256244659424,0.7885388731956482
194,2,2026.0,2.1440916061401367,0.874725878238678
195,2,2027.0,2.0418596267700195,0.7247247695922852
196,2,2028.0,3.76808500289917,0.8600670099258423
197,2,2029.0,3.187199115753174,0.7799301147460938
198,2,2030.0,2.054633617401123,0.8281043171882629
199,2,2031.0,1.2083333730697632,1.0
200,2,2032.0,4.800929069519043,0.6686913967132568
201,2,2033.0,3.7620840072631836,0.856629490852356
202,2,2034.0,2.61607027053833,0.914219856262207
203,2,2035.0,1.883262276649475,0.8763610124588013
204,2,2036.0,1.1651487350463867,0.8069443702697754
205,2,2037.0,2.795353889465332,0.891429603099823
206,2,2038.0,1.7969989776611328,0.9100897908210754
207,2,2039.0,2.4017460346221924,0.9203881621360779
208,2,2040.0,1.542698860168457,0.939146876335144
209,2,2041.0,3.4413013458251953,0.8319593667984009
210,2,2042.0,1.7330299615859985,0.8812534213066101
211,2,2043.0,1.8372021913528442,0.8315832018852234
212,2,2044.0,3.8117189407348633,0.8202835917472839
213,2,2045.0,3.3891115188598633,0.833520770072937
214,2,2046.0,2.204512119293213,0.6817198395729065
215,2,2047.0,1.364805817604065,0.5545995831489563
216,2,2048.0,4.75,1.0
217,2,2049.0,4.5413055419921875,0.9301185607910156
218,2,2050.0,3.334402322769165,0.9188172817230225
219,2,2051.0,2.099430799484253,0.8374241590499878
220,2,2052.0,1.125,1.0
221,2,2053.0,2.4370715618133545,0.864848256111145
222,2,2054.0,1.3743129968643188,0.8404557108879089
223,2,2055.0,1.949763298034668,0.762557864189148
224,2,2056.0,1.8844908475875854,0.5665085911750793
225,2,2057.0,4.458029747009277,0.8798231482505798
226,2,2058.0,2.240109443664551,0.9125525951385498
227,2,2059.0,1.9607179164886475,0.7754980325698853
228,2,2060.0,4.030900478363037,0.9212672114372253
229,2,2061.0,3.2309255599975586,0.821953535079956
230,2,2062.0,2.3252899646759033,0.9726338982582092
231,2,2063.0,1.3749020099639893,0.9170005917549133
232,2,2064.0,4.211878299713135,0.8527645468711853
233,2,2065.0,3.858625888824463,0.824859619140625
234,2,2066.0,3.096867561340332,0.8451457023620605
235,2,2067.0,1.5006691217422485,0.9350274801254272
236,2,2068.0,1.0416666269302368,0.9999990463256836
237,2,2069.0,2.1251227855682373,0.7590735554695129
238,2,2070.0,1.4586573839187622,0.930178165435791
239,2,2071.0,1.8257566690444946,0.7935637831687927
240,2,2072.0,1.7917476892471313,0.7897825241088867
241,2,2073.0,3.4927709102630615,0.839215874671936
242,2,2074.0,1.25,1.0
243,2,2075.0,1.3749020099639893,0.9170005917549133
244,2,2076.0,3.00886869430542,0.8521105051040649
245,2,2077.0,2.2919979095458984,0.8557589650154114
246,2,2078.0,1.5,1.0
247,2,2079.0,1.25,1.0
248,2,2080.0,4.711355209350586,0.7803183197975159
249,2,2081.0,4.330974578857422,0.8979660868644714
250,2,2082.0,3.86984920501709,0.7831186652183533
251,2,2083.0,2.5021605491638184,0.8346643447875977
252,2,2084.0,1.5847193002700806,0.9426558613777161
253,2,2085.0,2.531614303588867,0.8918197751045227
254,2,2086.0,1.1666666269302368,0.9999997615814209
255,2,2087.0,1.6685134172439575,0.8980959057807922
256,2,2088.0,1.664819359779358,0.7783262133598328
257,2,2089.0,3.8473339080810547,0.8767444491386414
258,2,2090.0,2.3481805324554443,0.8339870572090149
259,2,2091.0,2.4078376293182373,0.945401132106781
260,2,2092.0,4.25,0.7777777910232544
261,2,2093.0,3.6518192291259766,0.8339861631393433
262,2,2094.0,2.816986322402954,0.827358603477478
263,2,2095.0,1.9148495197296143,0.8278664350509644
264,2,2096.0,4.75,1.0
265,2,2097.0,4.3758039474487305,0.8162451386451721
266,2,2098.0,4.123214244842529,0.7988908290863037
267,2,2099.0,2.91044020652771,0.8033123016357422
268,2,2100.0,1.2916666269302368,0.9999998807907104
269,2,2101.0,2.583348035812378,0.7443233132362366
270,2,2102.0,1.4162980318069458,0.8607214093208313
271,2,2103.0,1.9167988300323486,0.7884802222251892
272,2,2104.0,1.9999921321868896,0.6675475835800171
273,2,2105.0,4.5418701171875,0.877902090549469
274,2,2106.0,2.804542064666748,0.8787670135498047
275,2,2107.0,2.398003578186035,0.9185764193534851
276,2,2108.0,4.08352518081665,0.7568444013595581
277,2,2109.0,3.4441990852355957,0.8969125747680664
278,2,2110.0,2.2816379070281982,0.8965728282928467
279,2,2111.0,1.4970937967300415,0.8757280111312866
280,2,2112.0,4.7085700035095215,0.9016385078430176
281,2,2113.0,4.583333492279053,1.0
282,2,2114.0,4.160497188568115,0.8720378279685974
283,2,2115.0,2.5529537200927734,0.94638592004776
284,2,2116.0,1.5006691217422485,0.9350274801254272
285,2,2117.0,2.958672285079956,0.8613941669464111
286,2,2118.0,1.5006691217422485,0.9350274801254272
287,2,2119.0,2.0910418033599854,0.7908189296722412
288,2,2120.0,1.9512020349502563,0.615585207939148
289,2,2121.0,4.625104904174805,0.916999101638794
290,2,2122.0,2.558206081390381,0.9209463000297546
291,2,2123.0,2.381415367126465,0.836691677570343
292,2,2124.0,4.378509044647217,0.8774213194847107
293,2,2125.0,3.5938174724578857,0.9463164210319519
294,2,2126.0,2.8497254848480225,0.8925800919532776
295,2,2127.0,1.3316328525543213,0.8143937587738037
296,2,2128.0,4.625104904174805,0.916999101638794
297,2,2129.0,3.9980714321136475,0.7663176655769348
298,2,2130.0,3.625,0.7798474431037903
299,2,2131.0,2.3380868434906006,0.8947502970695496
300,2,2132.0,1.542698860168457,0.939146876335144
301,2,2133.0,2.3380868434906006,0.8947502970695496
302,2,2134.0,1.1666666269302368,0.9999997615814209
303,2,2135.0,1.9149060249328613,0.7207058668136597
304,2,2136.0,1.6255990266799927,0.7798258066177368
305,2,2137.0,3.592655658721924,0.8603894114494324
306,2,2138.0,2.3218343257904053,0.8665243983268738
307,2,2139.0,2.5335733890533447,0.8028234243392944
308,2,2140.0,3.706627368927002,0.8369576334953308
309,2,2141.0,3.3342719078063965,0.7955438494682312
310,2,2142.0,2.6110713481903076,0.8550882935523987
311,2,2143.0,1.125,1.0
312,2,144.0,4.541666507720947,0.9999989867210388
313,2,145.0,1.2916666269302368,0.9999998807907104
314,2,146.0,3.145751953125,0.8797268271446228
315,2,147.0,2.959613084793091,0.8947538137435913
316,2,148.0,3.3889284133911133,0.8550873398780823
317,2,149.0,4.090155601501465,0.8687126636505127
318,2,150.0,4.791666507720947,0.9999977350234985
319,2,151.0,3.79419207572937,0.8120930790901184
320,2,152.0,2.592287302017212,0.8823103904724121
321,2,153.0,2.291644334793091,0.7725488543510437
322,2,154.0,1.3333333730697632,1.0
323,2,155.0,4.583333492279053,1.0
324,2,156.0,4.755183696746826,0.7340430021286011
325,2,157.0,1.0416666269302368,0.9999990463256836
326,2,158.0,4.625104904174805,0.916999101638794
327,2,159.0,3.279611110687256,0.857004702091217
328,2,160.0,1.7931034564971924,0.8250730633735657
329,2,161.0,3.3566670417785645,0.8217712044715881
330,2,162.0,4.625,1.0
331,2,163.0,1.0833333730697632,1.0
332,2,164.0,2.9221177101135254,0.8757376074790955
333,2,165.0,3.8676741123199463,0.8630150556564331
334,2,166.0,1.5840771198272705,0.8868632316589355
335,2,167.0,4.708333492279053,1.0
336,3,3000.0,4.625104904174805,0.916999101638794
337,3,3001.0,3.4120943546295166,0.8147439360618591
338,3,3002.0,4.625,1.0
339,3,3003.0,1.7951629161834717,0.9544061422348022
340,3,3004.0,4.386660099029541,0.9369983673095703
341,3,3005.0,3.8117189407348633,0.8202835917472839
342,3,3006.0,2.438585042953491,0.891315758228302
343,3,3007.0,1.5006691217422485,0.9350274801254272
344,3,3008.0,3.5342183113098145,0.8117122650146484
345,3,3009.0,1.25,1.0
346,3,3010.0,1.7331701517105103,0.9462336897850037
347,3,3011.0,2.217107057571411,0.8897043466567993
348,3,3012.0,1.7541476488113403,0.9066298007965088
349,3,3013.0,2.939500331878662,0.7608222365379333
350,3,3014.0,3.4664266109466553,0.8028234243392944
351,3,3015.0,4.167533874511719,0.8149877786636353
352,3,3016.0,4.289226531982422,0.9506772756576538
353,3,3017.0,4.0782976150512695,0.8050861358642578
354,3,3018.0,4.160497188568115,0.8720378279685974
355,3,3019.0,1.5847193002700806,0.9426558613777161
356,3,3020.0,4.289226531982422,0.9506772756576538
357,3,3021.0,1.7931034564971924,0.8250730633735657
358,3,3022.0,3.8117189407348633,0.8202835917472839
359,3,3023.0,1.074201226234436,0.5699145197868347
360,3,3024.0,3.8355612754821777,0.8905385732650757
361,3,3025.0,1.125,1.0
362,3,3026.0,1.4586573839187622,0.930178165435791
363,3,3027.0,1.5847193002700806,0.9426558613777161
364,3,3028.0,2.1519627571105957,0.8181930184364319
365,3,3029.0,2.729177713394165,0.7966219782829285
366,3,3030.0,3.441793918609619,0.9209463596343994
367,3,3031.0,3.8106753826141357,0.919581413269043
368,3,3032.0,4.21340274810791,0.8033469319343567
369,3,3033.0,3.6345293521881104,0.8843750953674316
370,3,3034.0,4.171593189239502,0.8587199449539185
371,3,3035.0,1.6265350580215454,0.8928439021110535
372,3,3036.0,4.202976226806641,0.9101455211639404
373,3,3037.0,4.416666507720947,0.9999991655349731
374,3,3038.0,4.160497188568115,0.8720378279685974
375,3,3039.0,1.0833333730697632,1.0
376,3,3040.0,3.9458701610565186,0.8393038511276245
377,3,3041.0,1.7112772464752197,0.9025872945785522
378,3,3042.0,1.7098547220230103,0.8558424115180969
379,3,3043.0,2.2550647258758545,0.878519594669342
380,3,3044.0,2.564887285232544,0.8935930132865906
381,3,3045.0,3.458928346633911,0.802592933177948
382,3,3046.0,3.7620840072631836,0.856629490852356
383,3,3047.0,3.9980714321136475,0.7663176655769348
384,3,3048.0,4.541666507720947,0.9999989867210388
385,3,3049.0,4.245878219604492,0.9067209362983704
386,3,3050.0,4.416381359100342,0.7630288004875183
387,3,3051.0,1.375,1.0
388,3,3052.0,4.499330520629883,0.9350277185440063
389,3,3053.0,2.0332703590393066,0.772853672504425
390,3,3054.0,4.171593189239502,0.8587199449539185
391,3,3055.0,1.125,1.0
392,3,3056.0,3.952877998352051,0.7968668937683105
393,3,3057.0,1.1666666269302368,0.9999997615814209
394,3,3058.0,2.4637186527252197,0.8655033707618713
395,3,3059.0,2.768524408340454,0.8220970034599304
396,3,3060.0,3.4584290981292725,0.7641030550003052
397,3,3061.0,3.90895676612854,0.7908214926719666
398,3,3062.0,3.965073585510254,0.7955676913261414
399,3,3063.0,4.250481605529785,0.8126107454299927
400,3,3064.0,4.499330520629883,0.9350277185440063
401,3,3065.0,4.093565464019775,0.7733928561210632
402,3,3066.0,4.541666507720947,0.9999989867210388
403,3,3067.0,2.256903886795044,0.8281948566436768
404,3,3068.0,4.160497188568115,0.8720378279685974
405,3,3069.0,2.9837634563446045,0.7871007919311523
406,3,3070.0,3.2537765502929688,0.8002853989601135
407,3,3071.0,2.3481805324554443,0.8339870572090149
408,3,3072.0,4.291268825531006,0.8055197596549988
409,3,3073.0,1.542698860168457,0.939146876335144
410,3,3074.0,1.620242714881897,0.8449395895004272
411,3,3075.0,1.9148495197296143,0.8278664350509644
412,3,3076.0,2.405348777770996,0.8479614853858948
413,3,3077.0,3.334045648574829,0.7482792139053345
414,3,3078.0,3.9085655212402344,0.8286489844322205
415,3,3079.0,4.039249420166016,0.7757116556167603
416,3,3080.0,4.415889263153076,0.8868150115013123
417,3,3081.0,2.6745331287384033,0.8746120929718018
418,3,3082.0,4.373428821563721,0.8928017616271973
419,3,3083.0,1.3333250284194946,0.9166336059570312
420,3,3084.0,1.2083333730697632,1.0
421,3,3085.0,4.125,0.777777373790741
422,3,3086.0,2.1309540271759033,0.8601829409599304
423,3,3087.0,1.0,
424,3,3088.0,2.7655627727508545,0.8077107667922974
425,3,3089.0,1.0833333730697632,1.0
426,3,3090.0,1.8283087015151978,0.8585847020149231
427,3,3091.0,2.1309540271759033,0.8601829409599304
428,3,3092.0,2.0413665771484375,0.832200288772583
429,3,3093.0,3.0674874782562256,0.8299943208694458
430,3,3094.0,3.6512811183929443,0.8569648265838623
431,3,3095.0,4.289226531982422,0.9506772756576538
432,3,3096.0,4.33148717880249,0.9482841491699219
433,3,3097.0,4.2887139320373535,0.9025958180427551
434,3,3098.0,4.5413055419921875,0.9301185607910156
435,3,3099.0,1.9607179164886475,0.7754980325698853
436,3,3100.0,4.162783145904541,0.8315430879592896
437,3,3101.0,2.332728147506714,0.8466978073120117
438,3,3102.0,4.499330520629883,0.9350277185440063
439,3,3103.0,1.0,
440,3,3104.0,3.9458701610565186,0.8393038511276245
441,3,3105.0,1.2916666269302368,0.9999998807907104
442,3,3106.0,1.9253764152526855,0.8423850536346436
443,3,3107.0,2.2386956214904785,0.892558217048645
444,3,3108.0,2.6110713481903076,0.8550882935523987
445,3,3109.0,3.4175448417663574,0.8009136915206909
446,3,3110.0,3.7080020904541016,0.8557589650154114
447,3,3111.0,4.009339809417725,0.752336323261261
448,3,3112.0,4.3736252784729,0.9456558227539062
449,3,3113.0,4.009339809417725,0.752336323261261
450,3,3114.0,4.541666507720947,0.9999989867210388
451,3,3115.0,1.9698749780654907,0.847171425819397
452,3,3116.0,4.466210842132568,0.9280534982681274
453,3,3117.0,3.1019365787506104,0.8257232904434204
454,3,3118.0,4.2901458740234375,0.8558423519134521
455,3,3119.0,1.125,1.0
456,3,3120.0,3.4755802154541016,0.8669396042823792
457,3,3121.0,1.2916666269302368,0.9999998807907104
458,3,3122.0,1.7416030168533325,0.8952578902244568
459,3,3123.0,1.9837477207183838,0.9160973429679871
460,3,3124.0,2.189453363418579,0.9193944334983826
461,3,3125.0,2.8563270568847656,0.842042863368988
462,3,3126.0,3.4229040145874023,0.8890172839164734
463,3,3127.0,3.6666667461395264,0.8000002503395081
464,3,3128.0,3.9166667461395264,0.7567571401596069
465,3,3129.0,3.8355612754821777,0.8905385732650757
466,3,3130.0,4.009339809417725,0.752336323261261
467,3,3131.0,1.25,1.0
468,3,3132.0,3.8334779739379883,0.7121021151542664
469,3,3133.0,3.2309255599975586,0.821953535079956
470,3,3134.0,2.7392325401306152,0.7886597514152527
471,3,3135.0,1.2077609300613403,0.8522177934646606
472,3,3136.0,3.6512811183929443,0.8569648265838623
473,3,3137.0,1.1215111017227173,0.7290409803390503
474,3,3138.0,1.7541476488113403,0.9066298007965088
475,3,3139.0,1.7416030168533325,0.8952578902244568
476,3,3140.0,2.164182186126709,0.8905302882194519
477,3,3141.0,2.825862407684326,0.7870886325836182
478,3,3142.0,3.3012990951538086,0.7926857471466064
479,3,3143.0,3.903088331222534,0.7796525955200195
480,3,144.0,4.417090892791748,0.8542709350585938
481,3,145.0,1.6685134172439575,0.8980959057807922
482,3,146.0,2.8096344470977783,0.819986879825592
483,3,147.0,2.580873489379883,0.8646686673164368
484,3,148.0,2.804542064666748,0.8787670135498047
485,3,149.0,3.8480372428894043,0.8181928992271423
486,3,150.0,4.5413055419921875,0.9301185607910156
487,3,151.0,3.500042676925659,0.8035700917243958
488,3,152.0,2.637988328933716,0.8668637275695801
489,3,153.0,2.2235183715820312,0.89842689037323
490,3,154.0,1.542698860168457,0.939146876335144
491,3,155.0,4.117681980133057,0.6308773756027222
492,3,156.0,3.912980079650879,0.7693014144897461
493,3,157.0,1.1666666269302368,0.9999997615814209
494,3,158.0,4.167533874511719,0.8149877786636353
495,3,159.0,2.564887285232544,0.8935930132865906
496,3,160.0,1.883262276649475,0.8763610124588013
497,3,161.0,2.6875667572021484,0.8890199065208435
498,3,162.0,4.415270805358887,0.9427526593208313
499,3,163.0,1.4586573839187622,0.930178165435791
500,3,164.0,2.863995313644409,0.7728052139282227
501,3,165.0,3.1676955223083496,0.8633532524108887
502,3,166.0,1.7528921365737915,0.9526113271713257
503,3,167.0,4.0782976150512695,0.8050861358642578
504,4,4000.0,4.334469795227051,0.7465008497238159
505,4,4001.0,2.5273478031158447,0.8460320830345154
506,4,4002.0,1.4581290483474731,0.8777616024017334
507,4,4003.0,1.3298765420913696,0.662753701210022
508,4,4004.0,1.2083333730697632,1.0
509,4,4005.0,3.0799872875213623,0.8046845197677612
510,4,4006.0,2.3803815841674805,0.8022938370704651
511,4,4007.0,3.2344532012939453,0.8077315092086792
512,4,4008.0,1.125,1.0
513,4,4009.0,3.921687602996826,0.8620826005935669
514,4,4010.0,4.125882148742676,0.7424781322479248
515,4,4011.0,3.9150242805480957,0.7124865651130676
516,4,4012.0,2.094578266143799,0.770756721496582
517,4,4013.0,3.5832879543304443,0.8033539652824402
518,4,4014.0,3.8355612754821777,0.8905385732650757
519,4,4015.0,3.90895676612854,0.7908214926719666
520,4,4016.0,4.7085700035095215,0.9016385078430176
521,4,4017.0,2.4167120456695557,0.8033525943756104
522,4,4018.0,1.664819359779358,0.7783262133598328
523,4,4019.0,1.4167025089263916,0.9242904782295227
524,4,4020.0,1.4168611764907837,0.7395088076591492
525,4,4021.0,3.2083332538604736,0.7802193760871887
526,4,4022.0,2.0833332538604736,0.7567566633224487
527,4,4023.0,1.7865980863571167,0.8033465147018433
528,4,4024.0,1.8312779664993286,0.7255458831787109
529,4,4025.0,3.529266834259033,0.8661400675773621
530,4,4026.0,4.379756927490234,0.8449430465698242
531,4,4027.0,4.296237945556641,0.8240568041801453
532,4,4028.0,4.000414848327637,0.8019905686378479
533,4,4029.0,4.499330520629883,0.9350277185440063
534,4,4030.0,4.541666507720947,0.9999989867210388
535,4,4031.0,4.666666507720947,0.9999986290931702
536,4,4032.0,4.458963394165039,0.7420689463615417
537,4,4033.0,2.791623592376709,0.7579992413520813
538,4,4034.0,2.2139475345611572,0.7892416715621948
539,4,4035.0,1.3333333730697632,1.0
540,4,4036.0,1.949763298034668,0.762557864189148
541,4,4037.0,3.5959396362304688,0.8686450719833374
542,4,4038.0,1.956516146659851,0.7608686685562134
543,4,4039.0,2.1677072048187256,0.7830461263656616
544,4,4040.0,1.2077609300613403,0.8522177934646606
545,4,4041.0,4.5418701171875,0.877902090549469
546,4,4042.0,4.543686389923096,0.8009889125823975
547,4,4043.0,4.502906799316406,0.8757280111312866
548,4,4044.0,3.250032901763916,0.7775276303291321
549,4,4045.0,4.083256244659424,0.7885388731956482
550,4,4046.0,4.502906799316406,0.8757280111312866
551,4,4047.0,4.4589080810546875,0.8416999578475952
552,4,4048.0,4.5418701171875,0.877902090549469
553,4,4049.0,2.7897496223449707,0.7125636339187622
554,4,4050.0,1.7495161294937134,0.8126016855239868
555,4,4051.0,1.4581290483474731,0.8777616024017334
556,4,4052.0,1.4167025089263916,0.9242904782295227
557,4,4053.0,1.2916666269302368,0.9999998807907104
558,4,4054.0,2.3333332538604736,0.7999998927116394
559,4,4055.0,2.423053741455078,0.8034876585006714
560,4,4056.0,1.125,1.0
561,4,4057.0,4.160497188568115,0.8720378279685974
562,4,4058.0,4.668175220489502,0.8141934275627136
563,4,4059.0,4.545397758483887,0.6850589513778687
564,4,4060.0,3.456444501876831,0.6942240595817566
565,4,4061.0,4.167533874511719,0.8149877786636353
566,4,4062.0,4.415889263153076,0.8868150115013123
567,4,4063.0,4.417090892791748,0.8542709350585938
568,4,4064.0,4.379756927490234,0.8449430465698242
569,4,4065.0,2.5832951068878174,0.7901246547698975
570,4,4066.0,2.0109801292419434,0.7527067065238953
571,4,4067.0,1.620242714881897,0.8449395895004272
572,4,4068.0,3.2818634510040283,0.8331099152565002
573,4,4069.0,2.7914974689483643,0.7152320146560669
574,4,4070.0,2.0418176651000977,0.7527159452438354
575,4,4071.0,3.4167048931121826,0.7901246547698975
576,4,4072.0,1.6608860492706299,0.6918070316314697
577,4,4073.0,3.7303035259246826,0.8528666496276855
578,4,4074.0,4.416381359100342,0.7630288004875183
579,4,4075.0,4.378819942474365,0.7561567425727844
580,4,4076.0,3.2344532012939453,0.8077315092086792
581,4,4077.0,3.953702688217163,0.7608840465545654
582,4,4078.0,3.8806164264678955,0.7916385531425476
583,4,4079.0,4.209152698516846,0.7513067722320557
584,4,4080.0,4.029819488525391,0.8469359874725342
585,4,4081.0,2.788869857788086,0.7829691767692566
586,4,4082.0,1.916438341140747,0.7566425204277039
587,4,4083.0,1.4581290483474731,0.8777616024017334
588,4,4084.0,2.791665554046631,0.7802112698554993
589,4,4085.0,2.8096344470977783,0.819986879825592
590,4,4086.0,1.4581290483474731,0.8777616024017334
591,4,4087.0,3.4790613651275635,0.8901993036270142
592,4,4088.0,1.916438341140747,0.7566425204277039
593,4,4089.0,3.9318342208862305,0.7885771989822388
594,4,4090.0,4.0782976150512695,0.8050861358642578
595,4,4091.0,3.8117189407348633,0.8202835917472839
596,4,4092.0,3.038644552230835,0.8071931600570679
597,4,4093.0,3.6512811183929443,0.8569648265838623
598,4,4094.0,3.503416061401367,0.8938061594963074
599,4,4095.0,3.63114595413208,0.8985337018966675
600,4,4096.0,4.373428821563721,0.8928017616271973
601,4,4097.0,2.588461399078369,0.8036975860595703
602,4,4098.0,2.0865986347198486,0.7692221999168396
603,4,4099.0,1.2077609300613403,0.8522177934646606
604,4,4100.0,3.6781904697418213,0.8665565848350525
605,4,4101.0,3.4229040145874023,0.8890172839164734
606,4,4102.0,1.9064348936080933,0.7733927369117737
607,4,4103.0,2.4637186527252197,0.8655033707618713
608,4,4104.0,1.4993301630020142,0.8232544660568237
609,4,4105.0,3.524134635925293,0.8411310911178589
610,4,4106.0,4.160497188568115,0.8720378279685974
611,4,4107.0,4.334934711456299,0.7785927057266235
612,4,4108.0,3.29312801361084,0.8293015360832214
613,4,4109.0,3.728788137435913,0.888944685459137
614,4,4110.0,4.206286907196045,0.8250637650489807
615,4,4111.0,4.1306843757629395,0.8638307452201843
616,4,4112.0,4.125,0.777777373790741
617,4,4113.0,2.7082762718200684,0.7526831030845642
618,4,4114.0,1.7917476892471313,0.7897825241088867
619,4,4115.0,1.2077609300613403,0.8522177934646606
620,4,4116.0,1.5829073190689087,0.8542684316635132
621,4,4117.0,2.312098741531372,0.8087965250015259
622,4,4118.0,1.250017762184143,0.8815190196037292
623,4,4119.0,1.4166666269302368,0.9999998807907104
624,4,4120.0,1.3749020099639893,0.9170005917549133
625,4,4121.0,2.522562265396118,0.8641355633735657
626,4,4122.0,3.7081992626190186,0.7976713180541992
627,4,4123.0,3.6395461559295654,0.8954830765724182
628,4,4124.0,3.4474363327026367,0.8577814102172852
629,4,4125.0,3.5252890586853027,0.8922610878944397
630,4,4126.0,3.7080020904541016,0.8557589650154114
631,4,4127.0,3.8676741123199463,0.8630150556564331
632,4,4128.0,4.373428821563721,0.8928017616271973
633,4,4129.0,3.79419207572937,0.8120930790901184
634,4,4130.0,2.1251227855682373,0.7590735554695129
635,4,4131.0,2.0,0.75
636,4,4132.0,1.3316328525543213,0.8143937587738037
637,4,4133.0,2.1243672370910645,0.647743821144104
638,4,4134.0,1.3741384744644165,0.7057896852493286
639,4,4135.0,2.3693928718566895,0.8163983225822449
640,4,4136.0,1.8806172609329224,0.837332546710968
641,4,4137.0,4.330974578857422,0.8979660868644714
642,4,4138.0,4.332717418670654,0.8489015698432922
643,4,4139.0,4.096904277801514,0.9105319976806641
644,4,4140.0,3.0942718982696533,0.8593853116035461
645,4,4141.0,3.666447162628174,0.8468509316444397
646,4,4142.0,3.9070632457733154,0.8232234120368958
647,4,4143.0,4.2901458740234375,0.8558423519134521
648,4,144.0,4.583700656890869,0.8607207536697388
649,4,145.0,1.625,1.0
650,4,146.0,3.3749828338623047,0.7933390140533447
651,4,147.0,3.4599997997283936,0.809900164604187
652,4,148.0,3.8355612754821777,0.8905385732650757
653,4,149.0,4.421300411224365,0.7015713453292847
654,4,150.0,4.502389430999756,0.7167624831199646
655,4,151.0,4.039249420166016,0.7757116556167603
656,4,152.0,2.958178997039795,0.7260674238204956
657,4,153.0,2.816986322402954,0.827358603477478
658,4,154.0,1.4583333730697632,1.0
659,4,155.0,4.502906799316406,0.8757280111312866
660,4,156.0,4.583700656890869,0.8607207536697388
661,4,157.0,1.4167025089263916,0.9242904782295227
662,4,158.0,4.668175220489502,0.8141934275627136
663,4,159.0,3.1760094165802,0.7784428000450134
664,4,160.0,2.750131845474243,0.7563467025756836
665,4,161.0,4.125,0.777777373790741
666,4,162.0,4.583110809326172,0.7394896745681763
667,4,163.0,1.4970937967300415,0.8757280111312866
668,4,164.0,3.7916858196258545,0.7370834946632385
669,4,165.0,4.125,0.777777373790741
670,4,166.0,2.2340102195739746,0.8158842325210571
671,4,167.0,4.332717418670654,0.8489015698432922
672,5,5000.0,4.833333492279053,1.0
673,5,5001.0,4.668175220489502,0.8141934275627136
674,5,5002.0,4.499330520629883,0.9350277185440063
675,5,5003.0,4.05023717880249,0.7625576257705688
676,5,5004.0,4.75,1.0
677,5,5005.0,4.379756927490234,0.8449430465698242
678,5,5006.0,4.202976226806641,0.9101455211639404
679,5,5007.0,4.666666507720947,0.9166647791862488
680,5,5008.0,2.6326489448547363,0.8886846303939819
681,5,5009.0,1.4586573839187622,0.930178165435791
682,5,5010.0,3.7860524654388428,0.7892417311668396
683,5,5011.0,1.8749977350234985,0.777768611907959
684,5,5012.0,1.7015925645828247,0.8899934887886047
685,5,5013.0,1.620242714881897,0.8449395895004272
686,5,5014.0,1.8806172609329224,0.837332546710968
687,5,5015.0,3.3889284133911133,0.8550873398780823
688,5,5016.0,4.3736252784729,0.9456558227539062
689,5,5017.0,4.708333492279053,1.0
690,5,5018.0,4.5,1.0
691,5,5019.0,4.3736252784729,0.9456558227539062
692,5,5020.0,4.458029747009277,0.8798231482505798
693,5,5021.0,4.11855411529541,0.8372628092765808
694,5,5022.0,4.174257755279541,0.7935741543769836
695,5,5023.0,4.083256244659424,0.7885388731956482
696,5,5024.0,3.728788137435913,0.888944685459137
697,5,5025.0,1.7969989776611328,0.9100897908210754
698,5,5026.0,2.4431045055389404,0.814421534538269
699,5,5027.0,2.2919979095458984,0.8557589650154114
700,5,5028.0,1.5829073190689087,0.8542684316635132
701,5,5029.0,1.9253764152526855,0.8423850536346436
702,5,5030.0,3.130722761154175,0.8255937099456787
703,5,5031.0,3.001533031463623,0.7504836916923523
704,5,5032.0,4.458333492279053,1.0
705,5,5033.0,4.246985912322998,0.8619800209999084
706,5,5034.0,3.90895676612854,0.7908214926719666
707,5,5035.0,2.7502641677856445,0.7566773295402527
708,5,5036.0,3.7512898445129395,0.6925318241119385
709,5,5037.0,2.4048917293548584,0.8911821246147156
710,5,5038.0,3.5392537117004395,0.8382380604743958
711,5,5039.0,3.375084400177002,0.7465880513191223
712,5,5040.0,2.4553725719451904,0.9462555050849915
713,5,5041.0,1.3333250284194946,0.9166336059570312
714,5,5042.0,2.4579668045043945,0.919743537902832
715,5,5043.0,2.096911668777466,0.7796525955200195
716,5,5044.0,2.053950071334839,0.8392268419265747
717,5,5045.0,1.9956289529800415,0.7849615812301636
718,5,5046.0,2.117727756500244,0.8410624861717224
719,5,5047.0,2.217107057571411,0.8897043466567993
720,5,5048.0,4.378819942474365,0.7561567425727844
721,5,5049.0,4.625104904174805,0.916999101638794
722,5,5050.0,4.204880237579346,0.9543383717536926
723,5,5051.0,4.174257755279541,0.7935741543769836
724,5,5052.0,4.457364559173584,0.9389757513999939
725,5,5053.0,3.6512811183929443,0.8569648265838623
726,5,5054.0,4.029139041900635,0.8835926651954651
727,5,5055.0,4.378509044647217,0.8774213194847107
728,5,5056.0,2.2415263652801514,0.9189392328262329
729,5,5057.0,1.375,1.0
730,5,5058.0,2.5779340267181396,0.8967171311378479
731,5,5059.0,2.0033252239227295,0.7667176723480225
732,5,5060.0,1.7331061363220215,0.8813477158546448
733,5,5061.0,1.4583333730697632,1.0
734,5,5062.0,1.8330975770950317,0.765741229057312
735,5,5063.0,2.394967794418335,0.8415285348892212
736,5,5064.0,4.75,1.0
737,5,5065.0,4.75,1.0
738,5,5066.0,4.498890399932861,0.7868514060974121
739,5,5067.0,4.167969703674316,0.7576071619987488
740,5,5068.0,4.583291053771973,0.9242847561836243
741,5,5069.0,4.0,0.75
742,5,5070.0,4.417090892791748,0.8542709350585938
743,5,5071.0,3.8266701698303223,0.7838637828826904
744,5,5072.0,3.333914041519165,0.8554432392120361
745,5,5073.0,1.8806172609329224,0.837332546710968
746,5,5074.0,2.9330313205718994,0.7961155772209167
747,5,5075.0,3.7916696071624756,0.7629842758178711
748,5,5076.0,2.7697770595550537,0.7852566838264465
749,5,5077.0,1.7499796152114868,0.8180189728736877
750,5,5078.0,2.4086434841156006,0.9732913374900818
751,5,5079.0,3.688091516494751,0.9441179037094116
752,5,5080.0,4.664691925048828,0.7761687636375427
753,5,5081.0,4.625104904174805,0.916999101638794
754,5,5082.0,4.126265048980713,0.8218474388122559
755,5,5083.0,2.8831112384796143,0.7842053174972534
756,5,5084.0,3.8117189407348633,0.8202835917472839
757,5,5085.0,2.578372001647949,0.8011127710342407
758,5,5086.0,3.629201889038086,0.8164259791374207
759,5,5087.0,3.089426040649414,0.8031954765319824
760,5,5088.0,2.7526612281799316,0.8378540277481079
761,5,5089.0,1.4970937967300415,0.8757280111312866
762,5,5090.0,2.763977527618408,0.8354990482330322
763,5,5091.0,2.024165153503418,0.8634865283966064
764,5,5092.0,1.7814337015151978,0.8998360633850098
765,5,5093.0,1.4993301630020142,0.8232544660568237
766,5,5094.0,2.164182186126709,0.8905302882194519
767,5,5095.0,2.707458972930908,0.7918645143508911
768,5,5096.0,4.75,1.0
769,5,5097.0,4.583700656890869,0.8607207536697388
770,5,5098.0,4.5418701171875,0.877902090549469
771,5,5099.0,4.330974578857422,0.8979660868644714
772,5,5100.0,4.625,1.0
773,5,5101.0,4.171593189239502,0.8587199449539185
774,5,5102.0,4.666666507720947,0.9999986290931702
775,5,5103.0,4.625,1.0
776,5,5104.0,2.3218343257904053,0.8665243983268738
777,5,5105.0,1.5847193002700806,0.9426558613777161
778,5,5106.0,3.401176929473877,0.9444522261619568
779,5,5107.0,2.4634928703308105,0.892557680606842
780,5,5108.0,2.7024571895599365,0.7923336029052734
781,5,5109.0,1.5847193002700806,0.9426558613777161
782,5,5110.0,2.034489393234253,0.7954140305519104
783,5,5111.0,2.3757596015930176,0.9011711478233337
784,5,5112.0,4.416666507720947,0.9999991655349731
785,5,5113.0,4.2519307136535645,0.8460887670516968
786,5,5114.0,4.087179183959961,0.7717955708503723
787,5,5115.0,3.458320379257202,0.8025726675987244
788,5,5116.0,4.246985912322998,0.8619800209999084
789,5,5117.0,3.5482401847839355,0.8922940492630005
790,5,5118.0,3.8960328102111816,0.8769960999488831
791,5,5119.0,3.712057113647461,0.8348180055618286
792,5,5120.0,2.564232587814331,0.9155016541481018
793,5,5121.0,1.7037620544433594,0.8240572810173035
794,5,5122.0,2.3380868434906006,0.8947502970695496
795,5,5123.0,3.1330697536468506,0.8322396874427795
796,5,5124.0,2.2082388401031494,0.7421171069145203
797,5,5125.0,1.5419703722000122,0.8798226118087769
798,5,5126.0,2.332728147506714,0.8466978073120117
799,5,5127.0,2.3593578338623047,0.944644570350647
800,5,5128.0,4.708333492279053,1.0
801,5,5129.0,4.666666507720947,0.9166647791862488
802,5,5130.0,4.666666507720947,0.9999986290931702
803,5,5131.0,3.79419207572937,0.8120930790901184
804,5,5132.0,4.583291053771973,0.9242847561836243
805,5,5133.0,3.765491247177124,0.8159568309783936
806,5,5134.0,4.2519307136535645,0.8460887670516968
807,5,5135.0,4.457364559173584,0.9389757513999939
808,5,5136.0,2.2443063259124756,0.9000321626663208
809,5,5137.0,1.4594560861587524,0.8344811201095581
810,5,5138.0,2.3593578338623047,0.944644570350647
811,5,5139.0,2.034489393234253,0.7954140305519104
812,5,5140.0,1.9561569690704346,0.8334211707115173
813,5,5141.0,1.3688061237335205,0.7409694194793701
814,5,5142.0,1.4970937967300415,0.8757280111312866
815,5,5143.0,3.225494623184204,0.8593740463256836
816,5,144.0,4.833333492279053,1.0
817,5,145.0,1.7530142068862915,0.8619796633720398
818,5,146.0,3.496284008026123,0.9462630152702332
819,5,147.0,3.320432662963867,0.8970309495925903
820,5,148.0,3.441793918609619,0.9209463596343994
821,5,149.0,4.541666507720947,0.9999989867210388
822,5,150.0,4.625,1.0
823,5,151.0,3.8322927951812744,0.7830458283424377
824,5,152.0,2.8443288803100586,0.8298247456550598
825,5,153.0,3.041901111602783,0.7045659422874451
826,5,154.0,1.6263753175735474,0.9456561803817749
827,5,155.0,4.583700656890869,0.8607207536697388
828,5,156.0,4.791666507720947,0.9999977350234985
829,5,157.0,1.2517775297164917,0.6897093653678894
830,5,158.0,4.833333492279053,1.0
831,5,159.0,3.250192403793335,0.8821727633476257
832,5,160.0,2.790874481201172,0.7854515314102173
833,5,161.0,3.9431684017181396,0.8773057460784912
834,5,162.0,4.833333492279053,1.0
835,5,163.0,1.6666666269302368,0.8333333134651184
836,5,164.0,3.6547627449035645,0.9185594320297241
837,5,165.0,3.8553972244262695,0.8349339962005615
838,5,166.0,2.1440916061401367,0.874725878238678
839,5,167.0,4.833333492279053,1.0
840,6,6000.0,4.379756927490234,0.8449430465698242
841,6,6001.0,1.542698860168457,0.939146876335144
842,6,6002.0,1.125,1.0
843,6,6003.0,2.9038801193237305,0.8808112144470215
844,6,6004.0,2.375,1.0
845,6,6005.0,3.6019952297210693,0.9185774326324463
846,6,6006.0,3.3060667514801025,0.9435967206954956
847,6,6007.0,4.000414848327637,0.8019905686378479
848,6,6008.0,3.383828639984131,0.9141006469726562
849,6,6009.0,3.8960328102111816,0.8769960999488831
850,6,6010.0,3.8106753826141357,0.919581413269043
851,6,6011.0,4.116732597351074,0.8763337731361389
852,6,6012.0,4.00187349319458,0.8384332060813904
853,6,6013.0,4.033481121063232,0.8111345767974854
854,6,6014.0,4.33148717880249,0.9482841491699219
855,6,6015.0,4.123214244842529,0.7988908290863037
856,6,6016.0,4.833333492279053,1.0
857,6,6017.0,2.7655627727508545,0.8077107667922974
858,6,6018.0,2.046415090560913,0.7969170808792114
859,6,6019.0,3.4426324367523193,0.9232001900672913
860,6,6020.0,2.957669258117676,0.7948107123374939
861,6,6021.0,3.9458701610565186,0.8393038511276245
862,6,6022.0,3.647399425506592,0.9481337070465088
863,6,6023.0,4.415889263153076,0.8868150115013123
864,6,6024.0,3.97589373588562,0.8632549047470093
865,6,6025.0,4.708333492279053,1.0
866,6,6026.0,4.202976226806641,0.9101455211639404
867,6,6027.0,4.415889263153076,0.8868150115013123
868,6,6028.0,4.245878219604492,0.9067209362983704
869,6,6029.0,4.499330520629883,0.9350277185440063
870,6,6030.0,4.373428821563721,0.8928017616271973
871,6,6031.0,4.583333492279053,1.0
872,6,6032.0,4.791666507720947,0.9999977350234985
873,6,6033.0,1.8220325708389282,0.8430311679840088
874,6,6034.0,1.125,1.0
875,6,6035.0,2.4017460346221924,0.9203881621360779
876,6,6036.0,1.5,1.0
877,6,6037.0,3.0694334506988525,0.8377246260643005
878,6,6038.0,2.1705729961395264,0.9428359270095825
879,6,6039.0,3.438732862472534,0.9182406067848206
880,6,6040.0,2.4078376293182373,0.945401132106781
881,6,6041.0,3.6019952297210693,0.9185774326324463
882,6,6042.0,2.5882973670959473,0.9727177023887634
883,6,6043.0,3.5,1.0
884,6,6044.0,3.3060667514801025,0.9435967206954956
885,6,6045.0,4.1306843757629395,0.8638307452201843
886,6,6046.0,4.033481121063232,0.8111345767974854
887,6,6047.0,3.9980714321136475,0.7663176655769348
888,6,6048.0,3.8266701698303223,0.7838637828826904
889,6,6049.0,2.6606967449188232,0.9428594708442688
890,6,6050.0,2.4078376293182373,0.945401132106781
891,6,6051.0,3.6547627449035645,0.9185594320297241
892,6,6052.0,3.332564115524292,0.9232498407363892
893,6,6053.0,3.8473339080810547,0.8767444491386414
894,6,6054.0,3.4927709102630615,0.839215874671936
895,6,6055.0,3.8690459728240967,0.8601829409599304
896,6,6056.0,3.496284008026123,0.9462630152702332
897,6,6057.0,3.905353307723999,0.910945475101471
898,6,6058.0,3.618065118789673,0.8896735310554504
899,6,6059.0,3.8104910850524902,0.8328511714935303
900,6,6060.0,3.7416574954986572,0.9468976259231567
901,6,6061.0,4.171593189239502,0.8587199449539185
902,6,6062.0,3.8106753826141357,0.919581413269043
903,6,6063.0,4.2887139320373535,0.9025958180427551
904,6,6064.0,4.644709587097168,0.6345759034156799
905,6,6065.0,1.1666666269302368,0.9999997615814209
906,6,6066.0,1.0833333730697632,1.0
907,6,6067.0,1.5844022035598755,0.8162450194358826
908,6,6068.0,1.4594560861587524,0.8344811201095581
909,6,6069.0,2.271211624145508,0.8889448046684265
910,6,6070.0,1.6265350580215454,0.8928439021110535
911,6,6071.0,2.8563270568847656,0.842042863368988
912,6,6072.0,1.7528921365737915,0.9526113271713257
913,6,6073.0,3.3803255558013916,0.8774650692939758
914,6,6074.0,2.1422815322875977,0.9113507866859436
915,6,6075.0,3.441793918609619,0.9209463596343994
916,6,6076.0,2.7216930389404297,0.9724066853523254
917,6,6077.0,3.6879637241363525,0.8089209794998169
918,6,6078.0,3.5361335277557373,0.8924972414970398
919,6,6079.0,3.9458701610565186,0.8393038511276245
920,6,6080.0,4.75,1.0
921,6,6081.0,2.398003578186035,0.9185764193534851
922,6,6082.0,1.4166666269302368,0.9999998807907104
923,6,6083.0,4.11855411529541,0.8372628092765808
924,6,6084.0,2.926870584487915,0.9431529641151428
925,6,6085.0,4.247251987457275,0.9527626037597656
926,6,6086.0,3.2607674598693848,0.7886597514152527
927,6,6087.0,4.289226531982422,0.9506772756576538
928,6,6088.0,3.782892942428589,0.8897042870521545
929,6,6089.0,4.502906799316406,0.8757280111312866
930,6,6090.0,4.030900478363037,0.9212672114372253
931,6,6091.0,4.625104904174805,0.916999101638794
932,6,6092.0,4.2901458740234375,0.8558423519134521
933,6,6093.0,4.666666507720947,0.9999986290931702
934,6,6094.0,4.3736252784729,0.9456558227539062
935,6,6095.0,4.499330520629883,0.9350277185440063
936,6,6096.0,4.75029182434082,0.8812495470046997
937,6,6097.0,1.7969989776611328,0.9100897908210754
938,6,6098.0,1.5006691217422485,0.9350274801254272
939,6,6099.0,3.232815980911255,0.9124592542648315
940,6,6100.0,2.543398141860962,0.9728336930274963
941,6,6101.0,3.5525267124176025,0.9186886548995972
942,6,6102.0,2.901209831237793,0.7753798365592957
943,6,6103.0,3.9070632457733154,0.8232234120368958
944,6,6104.0,3.282435417175293,0.9126550555229187
945,6,6105.0,4.009339809417725,0.752336323261261
946,6,6106.0,3.5482401847839355,0.8922940492630005
947,6,6107.0,3.9458701610565186,0.8393038511276245
948,6,6108.0,4.056544780731201,0.9134464263916016
949,6,6109.0,4.11855411529541,0.8372628092765808
950,6,6110.0,4.247251987457275,0.9527626037597656
951,6,6111.0,4.162783145904541,0.8315430879592896
952,6,6112.0,4.666666507720947,0.9999986290931702
953,6,6113.0,2.3252899646759033,0.9726338982582092
954,6,6114.0,1.4581290483474731,0.8777616024017334
955,6,6115.0,3.5449540615081787,0.9195082783699036
956,6,6116.0,2.63327956199646,0.9726401567459106
957,6,6117.0,3.8420939445495605,0.9471845626831055
958,6,6118.0,2.7535500526428223,0.8784002661705017
959,6,6119.0,3.8960328102111816,0.8769960999488831
960,6,6120.0,3.386564016342163,0.9184746146202087
961,6,6121.0,4.247251987457275,0.9527626037597656
962,6,6122.0,3.5011889934539795,0.9730159044265747
963,6,6123.0,4.029819488525391,0.8469359874725342
964,6,6124.0,4.247251987457275,0.9527626037597656
965,6,6125.0,4.245878219604492,0.9067209362983704
966,6,6126.0,4.457364559173584,0.9389757513999939
967,6,6127.0,4.246985912322998,0.8619800209999084
968,6,6128.0,4.666666507720947,0.9166647791862488
969,6,6129.0,3.232815980911255,0.9124592542648315
970,6,6130.0,2.816183090209961,0.9125672578811646
971,6,6131.0,3.657953977584839,0.914981484413147
972,6,6132.0,3.5449540615081787,0.9195082783699036
973,6,6133.0,3.8796050548553467,0.8490691184997559
974,6,6134.0,3.7449352741241455,0.878519594669342
975,6,6135.0,4.074357509613037,0.8423707485198975
976,6,6136.0,4.137594223022461,0.907213568687439
977,6,6137.0,4.116732597351074,0.8763337731361389
978,6,6138.0,3.97589373588562,0.8632549047470093
979,6,6139.0,4.33148717880249,0.9482841491699219
980,6,6140.0,4.204880237579346,0.9543383717536926
981,6,6141.0,4.415889263153076,0.8868150115013123
982,6,6142.0,4.373428821563721,0.8928017616271973
983,6,6143.0,4.415889263153076,0.8868150115013123
984,6,144.0,4.666666507720947,0.9999986290931702
985,6,145.0,1.5,1.0
986,6,146.0,2.8563270568847656,0.842042863368988
987,6,147.0,2.7410364151000977,0.9434515833854675
988,6,148.0,3.3060667514801025,0.9435967206954956
989,6,149.0,4.291666507720947,0.9999993443489075
990,6,150.0,4.958333492279053,1.0
991,6,151.0,3.3230600357055664,0.9029761552810669
992,6,152.0,2.717564582824707,0.9126550555229187
993,6,153.0,2.053950071334839,0.8392268419265747
994,6,154.0,1.2083333730697632,1.0
995,6,155.0,4.373428821563721,0.8928017616271973
996,6,156.0,4.666666507720947,0.9999986290931702
997,6,157.0,1.0833333730697632,1.0
998,6,158.0,4.875,1.0
999,6,159.0,2.5504348278045654,0.9450108408927917
1000,6,160.0,1.8395024538040161,0.8720378279685974
1001,6,161.0,2.7769148349761963,0.8733134865760803
1002,6,162.0,4.916666507720947,0.9999979734420776
1003,6,163.0,1.0833333730697632,1.0
1004,6,164.0,3.3533551692962646,0.9438744783401489
1005,6,165.0,3.4229040145874023,0.8890172839164734
1006,6,166.0,1.5833333730697632,1.0
1007,6,167.0,4.583333492279053,1.0
